Bangles,Going Down To Liverpool,2023-01-01
Science for Girls,14 Days,2023-01-01
Milo Greene,1957,2023-01-01
Mirah,24th St.,2023-01-01
Dan Baker,365 Days,2023-01-01
The Barr Brothers,Give the Devil Back His Heart,2023-01-01
Carter Tanton,Twenty-Nine Palms (Feat. Sharon Van Etten),2023-01-01
Bangles,Going Down To Liverpool,2023-01-01
Science for Girls,14 Days,2023-01-01
Milo Greene,1957,2023-01-01
Mirah,24th St.,2023-01-01
Dan Baker,365 Days,2023-01-01
The Barr Brothers,Give the Devil Back His Heart,2023-01-01
Carter Tanton,Twenty-Nine Palms (Feat. Sharon Van Etten),2023-01-01
Bangles,Going Down To Liverpool,2023-01-01
Science for Girls,14 Days,2023-01-01
Milo Greene,1957,2023-01-01
Mirah,24th St.,2023-01-01
Dan Baker,365 Days,2023-01-01
The Barr Brothers,Give the Devil Back His Heart,2023-01-01
Carter Tanton,Twenty-Nine Palms (Feat. Sharon Van Etten),2023-01-01
Bangles,Going Down To Liverpool,2023-01-01
The Barr Brothers,Give the Devil Back His Heart,2023-01-01
Carter Tanton,Twenty-Nine Palms (Feat. Sharon Van Etten),2023-01-01
